Workbook

Sheet 요약
A1: U20 플라스틱 프리즘 — 입고검사 불량 분석
A2: 2024-07-09 ~ 2026-01-23 · 8개 납품 로트 누적 · 모든 수치는 원본데이터 시트를 참조하는 수식이다.
A4: 누적 실적
A5: 항목 | B5: 값
A6: 검사 로트 수 | B6: =COUNT(원본데이터!A5:A12)
A7: 검사 기간 | B7: 2024-07-09 ~ 2026-01-23
A8: 총 입고수량 | B8: =원본데이터!D13
A9: 총 양품수량 | B9: =원본데이터!E13
A10: 총 불량수량 | B10: =원본데이터!F13
A11: 누적 양품률 | B11: =원본데이터!E13/원본데이터!D13
A12: 누적 불량률 | B12: =원본데이터!F13/원본데이터!D13
A15: 불량 유형 TOP 3
A16: 순위 | B16: 불량 유형 | C16: 수량 | D16: 입고 대비 | E16: 불량 중 비중
A17: 1 | B17: 표면 얼룩 | C17: =원본데이터!O13 | D17: =원본데이터!O13/원본데이터!$D$13 | E17: =원본데이터!O13/원본데이터!$F$13
A18: 2 | B18: 흰색 이물 | C18: =원본데이터!G13 | D18: =원본데이터!G13/원본데이터!$D$13 | E18: =원본데이터!G13/원본데이터!$F$13
A19: 3 | B19: 스크래치 | C19: =원본데이터!I13 | D19: =원본데이터!I13/원본데이터!$D$13 | E19: =원본데이터!I13/원본데이터!$F$13
A21: 핵심 관찰
A22: 1. 표면 얼룩은 만성 불량이 아니라 마지막 로트에서 터진 사건이다.
A23: 누적 6,088건 중 5,843건(96.0%)이 2026-01-23 (2차) 한 로트에 집중돼 있다. 이전 7개 로트 합계는 245건뿐이다.
A24: 2. 같은 날 입고된 2026-01-23 (1차)와 (2차)의 불량률이 6.94% 대 44.92%로 극단적으로 다르다.
A25: 같은 날짜라도 생산 로트·금형·시기가 다르다는 뜻이므로, 두 건을 하나로 합산해 해석하면 안 된다.
A26: 3. 공정은 한 번 안정화됐다가 다시 무너졌다. 37.60% → 24.78% → 2.38% → 1.57% → 0.58%까지 개선된 뒤
A27: 2026년에 6.94% → 44.92%로 급등했다. 개선 방법을 이미 아는 공정이므로 원인 추적이 가능하다.
A28: 4. 흰색 이물도 2024-11-14에 1,036건(20.56%) 스파이크가 있었다. 단발성 사건이 반복되는 패턴이다.
A29: 5. 2026-01-23 두 로트 모두에서 흰색 이물·스크래치가 동반 증가했다. 특정 유형이 아니라 공정 전반의 악화 신호다.
A31: ※ 검사 기준서(7종)와 본 자료의 분류(10종)는 항목이 다르다. 기준서의 정식 항목인 「내부 가스」가 본 자료에 없고,
A32: 본 자료의 「내부 백테」·「표면 얼룩」에 흡수돼 있을 가능성이 있다. 분류 체계 정합성 확인이 필요하다.

Sheet 로트별분석
A1: 로트별 분석 — 과거부터 현재까지
A2: 납품 순서대로 정렬. 불량률 추이와 로트별 최다 불량 유형.
A4: No | B4: 납품일 | C4: 연월 | D4: 입고수량 | E4: 양품 | F4: 불량 | G4: 양품률 | H4: 불량률 | I4: 최다 불량 유형 | J4: 해당 수량 | K4: 불량 중 비중
A5: =원본데이터!A5 | B5: =원본데이터!B5 | C5: =원본데이터!C5 | D5: =원본데이터!D5 | E5: =원본데이터!E5 | F5: =원본데이터!F5 | G5: =E5/D5 | H5: =F5/D5 | I5: =INDEX(원본데이터!$G$4:$P$4,MATCH(MAX(원본데이터!$G5:$P5),원본데이터!$G5:$P5,0)) | J5: =MAX(원본데이터!$G5:$P5) | K5: =J5/F5
A6: =원본데이터!A6 | B6: =원본데이터!B6 | C6: =원본데이터!C6 | D6: =원본데이터!D6 | E6: =원본데이터!E6 | F6: =원본데이터!F6 | G6: =E6/D6 | H6: =F6/D6 | I6: =INDEX(원본데이터!$G$4:$P$4,MATCH(MAX(원본데이터!$G6:$P6),원본데이터!$G6:$P6,0)) | J6: =MAX(원본데이터!$G6:$P6) | K6: =J6/F6
A7: =원본데이터!A7 | B7: =원본데이터!B7 | C7: =원본데이터!C7 | D7: =원본데이터!D7 | E7: =원본데이터!E7 | F7: =원본데이터!F7 | G7: =E7/D7 | H7: =F7/D7 | I7: =INDEX(원본데이터!$G$4:$P$4,MATCH(MAX(원본데이터!$G7:$P7),원본데이터!$G7:$P7,0)) | J7: =MAX(원본데이터!$G7:$P7) | K7: =J7/F7
A8: =원본데이터!A8 | B8: =원본데이터!B8 | C8: =원본데이터!C8 | D8: =원본데이터!D8 | E8: =원본데이터!E8 | F8: =원본데이터!F8 | G8: =E8/D8 | H8: =F8/D8 | I8: =INDEX(원본데이터!$G$4:$P$4,MATCH(MAX(원본데이터!$G8:$P8),원본데이터!$G8:$P8,0)) | J8: =MAX(원본데이터!$G8:$P8) | K8: =J8/F8
A9: =원본데이터!A9 | B9: =원본데이터!B9 | C9: =원본데이터!C9 | D9: =원본데이터!D9 | E9: =원본데이터!E9 | F9: =원본데이터!F9 | G9: =E9/D9 | H9: =F9/D9 | I9: =INDEX(원본데이터!$G$4:$P$4,MATCH(MAX(원본데이터!$G9:$P9),원본데이터!$G9:$P9,0)) | J9: =MAX(원본데이터!$G9:$P9) | K9: =J9/F9
A10: =원본데이터!A10 | B10: =원본데이터!B10 | C10: =원본데이터!C10 | D10: =원본데이터!D10 | E10: =원본데이터!E10 | F10: =원본데이터!F10 | G10: =E10/D10 | H10: =F10/D10 | I10: =INDEX(원본데이터!$G$4:$P$4,MATCH(MAX(원본데이터!$G10:$P10),원본데이터!$G10:$P10,0)) | J10: =MAX(원본데이터!$G10:$P10) | K10: =J10/F10
A11: =원본데이터!A11 | B11: =원본데이터!B11 | C11: =원본데이터!C11 | D11: =원본데이터!D11 | E11: =원본데이터!E11 | F11: =원본데이터!F11 | G11: =E11/D11 | H11: =F11/D11 | I11: =INDEX(원본데이터!$G$4:$P$4,MATCH(MAX(원본데이터!$G11:$P11),원본데이터!$G11:$P11,0)) | J11: =MAX(원본데이터!$G11:$P11) | K11: =J11/F11
A12: =원본데이터!A12 | B12: =원본데이터!B12 | C12: =원본데이터!C12 | D12: =원본데이터!D12 | E12: =원본데이터!E12 | F12: =원본데이터!F12 | G12: =E12/D12 | H12: =F12/D12 | I12: =INDEX(원본데이터!$G$4:$P$4,MATCH(MAX(원본데이터!$G12:$P12),원본데이터!$G12:$P12,0)) | J12: =MAX(원본데이터!$G12:$P12) | K12: =J12/F12
A13: 합계 | D13: =원본데이터!D13 | E13: =원본데이터!E13 | F13: =원본데이터!F13 | G13: =E13/D13 | H13: =F13/D13

Sheet 월별집계
A1: 월별 집계
A2: 같은 달에 2개 로트가 있는 2026-01은 합산했다. SUMIFS로 원본데이터를 집계한다.
A4: 연월 | B4: 로트 수 | C4: 입고수량 | D4: 양품 | E4: 불량 | F4: 불량률 | G4: 흰색 이물 | H4: 검정색 이물 | I4: 스크래치 | J4: Diffuser 얼룩 | K4: Dig | L4: 파손 | M4: 내부 기포 | N4: 내부 백테 | O4: 표면 얼룩 | P4: 페인트 얼룩
A5: 2024-07 | B5: =COUNTIF(원본데이터!$C$5:$C$12,$A5) | C5: =SUMIFS(원본데이터!$D$5:$D$12,원본데이터!$C$5:$C$12,$A5) | D5: =SUMIFS(원본데이터!$E$5:$E$12,원본데이터!$C$5:$C$12,$A5) | E5: =SUMIFS(원본데이터!$F$5:$F$12,원본데이터!$C$5:$C$12,$A5) | F5: =E5/C5 | G5: =SUMIFS(원본데이터!$G$5:$G$12,원본데이터!$C$5:$C$12,$A5) | H5: =SUMIFS(원본데이터!$H$5:$H$12,원본데이터!$C$5:$C$12,$A5) | I5: =SUMIFS(원본데이터!$I$5:$I$12,원본데이터!$C$5:$C$12,$A5) | J5: =SUMIFS(원본데이터!$J$5:$J$12,원본데이터!$C$5:$C$12,$A5) | K5: =SUMIFS(원본데이터!$K$5:$K$12,원본데이터!$C$5:$C$12,$A5) | L5: =SUMIFS(원본데이터!$L$5:$L$12,원본데이터!$C$5:$C$12,$A5) | M5: =SUMIFS(원본데이터!$M$5:$M$12,원본데이터!$C$5:$C$12,$A5) | N5: =SUMIFS(원본데이터!$N$5:$N$12,원본데이터!$C$5:$C$12,$A5) | O5: =SUMIFS(원본데이터!$O$5:$O$12,원본데이터!$C$5:$C$12,$A5) | P5: =SUMIFS(원본데이터!$P$5:$P$12,원본데이터!$C$5:$C$12,$A5)
A6: 2024-11 | B6: =COUNTIF(원본데이터!$C$5:$C$12,$A6) | C6: =SUMIFS(원본데이터!$D$5:$D$12,원본데이터!$C$5:$C$12,$A6) | D6: =SUMIFS(원본데이터!$E$5:$E$12,원본데이터!$C$5:$C$12,$A6) | E6: =SUMIFS(원본데이터!$F$5:$F$12,원본데이터!$C$5:$C$12,$A6) | F6: =E6/C6 | G6: =SUMIFS(원본데이터!$G$5:$G$12,원본데이터!$C$5:$C$12,$A6) | H6: =SUMIFS(원본데이터!$H$5:$H$12,원본데이터!$C$5:$C$12,$A6) | I6: =SUMIFS(원본데이터!$I$5:$I$12,원본데이터!$C$5:$C$12,$A6) | J6: =SUMIFS(원본데이터!$J$5:$J$12,원본데이터!$C$5:$C$12,$A6) | K6: =SUMIFS(원본데이터!$K$5:$K$12,원본데이터!$C$5:$C$12,$A6) | L6: =SUMIFS(원본데이터!$L$5:$L$12,원본데이터!$C$5:$C$12,$A6) | M6: =SUMIFS(원본데이터!$M$5:$M$12,원본데이터!$C$5:$C$12,$A6) | N6: =SUMIFS(원본데이터!$N$5:$N$12,원본데이터!$C$5:$C$12,$A6) | O6: =SUMIFS(원본데이터!$O$5:$O$12,원본데이터!$C$5:$C$12,$A6) | P6: =SUMIFS(원본데이터!$P$5:$P$12,원본데이터!$C$5:$C$12,$A6)
A7: 2024-12 | B7: =COUNTIF(원본데이터!$C$5:$C$12,$A7) | C7: =SUMIFS(원본데이터!$D$5:$D$12,원본데이터!$C$5:$C$12,$A7) | D7: =SUMIFS(원본데이터!$E$5:$E$12,원본데이터!$C$5:$C$12,$A7) | E7: =SUMIFS(원본데이터!$F$5:$F$12,원본데이터!$C$5:$C$12,$A7) | F7: =E7/C7 | G7: =SUMIFS(원본데이터!$G$5:$G$12,원본데이터!$C$5:$C$12,$A7) | H7: =SUMIFS(원본데이터!$H$5:$H$12,원본데이터!$C$5:$C$12,$A7) | I7: =SUMIFS(원본데이터!$I$5:$I$12,원본데이터!$C$5:$C$12,$A7) | J7: =SUMIFS(원본데이터!$J$5:$J$12,원본데이터!$C$5:$C$12,$A7) | K7: =SUMIFS(원본데이터!$K$5:$K$12,원본데이터!$C$5:$C$12,$A7) | L7: =SUMIFS(원본데이터!$L$5:$L$12,원본데이터!$C$5:$C$12,$A7) | M7: =SUMIFS(원본데이터!$M$5:$M$12,원본데이터!$C$5:$C$12,$A7) | N7: =SUMIFS(원본데이터!$N$5:$N$12,원본데이터!$C$5:$C$12,$A7) | O7: =SUMIFS(원본데이터!$O$5:$O$12,원본데이터!$C$5:$C$12,$A7) | P7: =SUMIFS(원본데이터!$P$5:$P$12,원본데이터!$C$5:$C$12,$A7)
A8: 2025-01 | B8: =COUNTIF(원본데이터!$C$5:$C$12,$A8) | C8: =SUMIFS(원본데이터!$D$5:$D$12,원본데이터!$C$5:$C$12,$A8) | D8: =SUMIFS(원본데이터!$E$5:$E$12,원본데이터!$C$5:$C$12,$A8) | E8: =SUMIFS(원본데이터!$F$5:$F$12,원본데이터!$C$5:$C$12,$A8) | F8: =E8/C8 | G8: =SUMIFS(원본데이터!$G$5:$G$12,원본데이터!$C$5:$C$12,$A8) | H8: =SUMIFS(원본데이터!$H$5:$H$12,원본데이터!$C$5:$C$12,$A8) | I8: =SUMIFS(원본데이터!$I$5:$I$12,원본데이터!$C$5:$C$12,$A8) | J8: =SUMIFS(원본데이터!$J$5:$J$12,원본데이터!$C$5:$C$12,$A8) | K8: =SUMIFS(원본데이터!$K$5:$K$12,원본데이터!$C$5:$C$12,$A8) | L8: =SUMIFS(원본데이터!$L$5:$L$12,원본데이터!$C$5:$C$12,$A8) | M8: =SUMIFS(원본데이터!$M$5:$M$12,원본데이터!$C$5:$C$12,$A8) | N8: =SUMIFS(원본데이터!$N$5:$N$12,원본데이터!$C$5:$C$12,$A8) | O8: =SUMIFS(원본데이터!$O$5:$O$12,원본데이터!$C$5:$C$12,$A8) | P8: =SUMIFS(원본데이터!$P$5:$P$12,원본데이터!$C$5:$C$12,$A8)
A9: 2025-02 | B9: =COUNTIF(원본데이터!$C$5:$C$12,$A9) | C9: =SUMIFS(원본데이터!$D$5:$D$12,원본데이터!$C$5:$C$12,$A9) | D9: =SUMIFS(원본데이터!$E$5:$E$12,원본데이터!$C$5:$C$12,$A9) | E9: =SUMIFS(원본데이터!$F$5:$F$12,원본데이터!$C$5:$C$12,$A9) | F9: =E9/C9 | G9: =SUMIFS(원본데이터!$G$5:$G$12,원본데이터!$C$5:$C$12,$A9) | H9: =SUMIFS(원본데이터!$H$5:$H$12,원본데이터!$C$5:$C$12,$A9) | I9: =SUMIFS(원본데이터!$I$5:$I$12,원본데이터!$C$5:$C$12,$A9) | J9: =SUMIFS(원본데이터!$J$5:$J$12,원본데이터!$C$5:$C$12,$A9) | K9: =SUMIFS(원본데이터!$K$5:$K$12,원본데이터!$C$5:$C$12,$A9) | L9: =SUMIFS(원본데이터!$L$5:$L$12,원본데이터!$C$5:$C$12,$A9) | M9: =SUMIFS(원본데이터!$M$5:$M$12,원본데이터!$C$5:$C$12,$A9) | N9: =SUMIFS(원본데이터!$N$5:$N$12,원본데이터!$C$5:$C$12,$A9) | O9: =SUMIFS(원본데이터!$O$5:$O$12,원본데이터!$C$5:$C$12,$A9) | P9: =SUMIFS(원본데이터!$P$5:$P$12,원본데이터!$C$5:$C$12,$A9)
A10: 2025-06 | B10: =COUNTIF(원본데이터!$C$5:$C$12,$A10) | C10: =SUMIFS(원본데이터!$D$5:$D$12,원본데이터!$C$5:$C$12,$A10) | D10: =SUMIFS(원본데이터!$E$5:$E$12,원본데이터!$C$5:$C$12,$A10) | E10: =SUMIFS(원본데이터!$F$5:$F$12,원본데이터!$C$5:$C$12,$A10) | F10: =E10/C10 | G10: =SUMIFS(원본데이터!$G$5:$G$12,원본데이터!$C$5:$C$12,$A10) | H10: =SUMIFS(원본데이터!$H$5:$H$12,원본데이터!$C$5:$C$12,$A10) | I10: =SUMIFS(원본데이터!$I$5:$I$12,원본데이터!$C$5:$C$12,$A10) | J10: =SUMIFS(원본데이터!$J$5:$J$12,원본데이터!$C$5:$C$12,$A10) | K10: =SUMIFS(원본데이터!$K$5:$K$12,원본데이터!$C$5:$C$12,$A10) | L10: =SUMIFS(원본데이터!$L$5:$L$12,원본데이터!$C$5:$C$12,$A10) | M10: =SUMIFS(원본데이터!$M$5:$M$12,원본데이터!$C$5:$C$12,$A10) | N10: =SUMIFS(원본데이터!$N$5:$N$12,원본데이터!$C$5:$C$12,$A10) | O10: =SUMIFS(원본데이터!$O$5:$O$12,원본데이터!$C$5:$C$12,$A10) | P10: =SUMIFS(원본데이터!$P$5:$P$12,원본데이터!$C$5:$C$12,$A10)
A11: 2026-01 | B11: =COUNTIF(원본데이터!$C$5:$C$12,$A11) | C11: =SUMIFS(원본데이터!$D$5:$D$12,원본데이터!$C$5:$C$12,$A11) | D11: =SUMIFS(원본데이터!$E$5:$E$12,원본데이터!$C$5:$C$12,$A11) | E11: =SUMIFS(원본데이터!$F$5:$F$12,원본데이터!$C$5:$C$12,$A11) | F11: =E11/C11 | G11: =SUMIFS(원본데이터!$G$5:$G$12,원본데이터!$C$5:$C$12,$A11) | H11: =SUMIFS(원본데이터!$H$5:$H$12,원본데이터!$C$5:$C$12,$A11) | I11: =SUMIFS(원본데이터!$I$5:$I$12,원본데이터!$C$5:$C$12,$A11) | J11: =SUMIFS(원본데이터!$J$5:$J$12,원본데이터!$C$5:$C$12,$A11) | K11: =SUMIFS(원본데이터!$K$5:$K$12,원본데이터!$C$5:$C$12,$A11) | L11: =SUMIFS(원본데이터!$L$5:$L$12,원본데이터!$C$5:$C$12,$A11) | M11: =SUMIFS(원본데이터!$M$5:$M$12,원본데이터!$C$5:$C$12,$A11) | N11: =SUMIFS(원본데이터!$N$5:$N$12,원본데이터!$C$5:$C$12,$A11) | O11: =SUMIFS(원본데이터!$O$5:$O$12,원본데이터!$C$5:$C$12,$A11) | P11: =SUMIFS(원본데이터!$P$5:$P$12,원본데이터!$C$5:$C$12,$A11)
A12: 합계 | B12: =SUM(B5:B11) | C12: =SUM(C5:C11) | D12: =SUM(D5:D11) | E12: =SUM(E5:E11) | F12: =E12/C12 | G12: =SUM(G5:G11) | H12: =SUM(H5:H11) | I12: =SUM(I5:I11) | J12: =SUM(J5:J11) | K12: =SUM(K5:K11) | L12: =SUM(L5:L11) | M12: =SUM(M5:M11) | N12: =SUM(N5:N11) | ... P12: =SUM(P5:P11)

Sheet 불량유형별
A1: 불량 유형별 분석 (파레토)
A2: 누적 수량 내림차순. 발생 로트 수는 해당 유형이 1건 이상 나온 로트의 개수다.
A4: 순위 | B4: 불량 유형 | C4: 누적 수량 | D4: 입고 대비 | E4: 불량 중 비중 | F4: 누적 비중 | G4: 발생 로트 수 | H4: 최다 발생 로트 | I4: 최다 수량
A5: 1 | B5: 표면 얼룩 | C5: =원본데이터!O13 | D5: =C5/원본데이터!$D$13 | E5: =C5/원본데이터!$F$13 | F5: =SUM($C$5:C5)/원본데이터!$F$13 | G5: =COUNTIF(원본데이터!$O$5:$O$12,">0") | H5: =INDEX(원본데이터!$B$5:$B$12,MATCH(MAX(원본데이터!$O$5:$O$12),원본데이터!$O$5:$O$12,0)) | I5: =MAX(원본데이터!$O$5:$O$12)
A6: 2 | B6: 흰색 이물 | C6: =원본데이터!G13 | D6: =C6/원본데이터!$D$13 | E6: =C6/원본데이터!$F$13 | F6: =SUM($C$5:C6)/원본데이터!$F$13 | G6: =COUNTIF(원본데이터!$G$5:$G$12,">0") | H6: =INDEX(원본데이터!$B$5:$B$12,MATCH(MAX(원본데이터!$G$5:$G$12),원본데이터!$G$5:$G$12,0)) | I6: =MAX(원본데이터!$G$5:$G$12)
A7: 3 | B7: 스크래치 | C7: =원본데이터!I13 | D7: =C7/원본데이터!$D$13 | E7: =C7/원본데이터!$F$13 | F7: =SUM($C$5:C7)/원본데이터!$F$13 | G7: =COUNTIF(원본데이터!$I$5:$I$12,">0") | H7: =INDEX(원본데이터!$B$5:$B$12,MATCH(MAX(원본데이터!$I$5:$I$12),원본데이터!$I$5:$I$12,0)) | I7: =MAX(원본데이터!$I$5:$I$12)
A8: 4 | B8: 검정색 이물 | C8: =원본데이터!H13 | D8: =C8/원본데이터!$D$13 | E8: =C8/원본데이터!$F$13 | F8: =SUM($C$5:C8)/원본데이터!$F$13 | G8: =COUNTIF(원본데이터!$H$5:$H$12,">0") | H8: =INDEX(원본데이터!$B$5:$B$12,MATCH(MAX(원본데이터!$H$5:$H$12),원본데이터!$H$5:$H$12,0)) | I8: =MAX(원본데이터!$H$5:$H$12)
A9: 5 | B9: 내부 백테 | C9: =원본데이터!N13 | D9: =C9/원본데이터!$D$13 | E9: =C9/원본데이터!$F$13 | F9: =SUM($C$5:C9)/원본데이터!$F$13 | G9: =COUNTIF(원본데이터!$N$5:$N$12,">0") | H9: =INDEX(원본데이터!$B$5:$B$12,MATCH(MAX(원본데이터!$N$5:$N$12),원본데이터!$N$5:$N$12,0)) | I9: =MAX(원본데이터!$N$5:$N$12)
A10: 6 | B10: 페인트 얼룩 | C10: =원본데이터!P13 | D10: =C10/원본데이터!$D$13 | E10: =C10/원본데이터!$F$13 | F10: =SUM($C$5:C10)/원본데이터!$F$13 | G10: =COUNTIF(원본데이터!$P$5:$P$12,">0") | H10: =INDEX(원본데이터!$B$5:$B$12,MATCH(MAX(원본데이터!$P$5:$P$12),원본데이터!$P$5:$P$12,0)) | I10: =MAX(원본데이터!$P$5:$P$12)
A11: 7 | B11: Dig | C11: =원본데이터!K13 | D11: =C11/원본데이터!$D$13 | E11: =C11/원본데이터!$F$13 | F11: =SUM($C$5:C11)/원본데이터!$F$13 | G11: =COUNTIF(원본데이터!$K$5:$K$12,">0") | H11: =INDEX(원본데이터!$B$5:$B$12,MATCH(MAX(원본데이터!$K$5:$K$12),원본데이터!$K$5:$K$12,0)) | I11: =MAX(원본데이터!$K$5:$K$12)
A12: 8 | B12: 파손 | C12: =원본데이터!L13 | D12: =C12/원본데이터!$D$13 | E12: =C12/원본데이터!$F$13 | F12: =SUM($C$5:C12)/원본데이터!$F$13 | G12: =COUNTIF(원본데이터!$L$5:$L$12,">0") | H12: =INDEX(원본데이터!$B$5:$B$12,MATCH(MAX(원본데이터!$L$5:$L$12),원본데이터!$L$5:$L$12,0)) | I12: =MAX(원본데이터!$L$5:$L$12)
A13: 9 | B13: 내부 기포 | C13: =원본데이터!M13 | D13: =C13/원본데이터!$D$13 | E13: =C13/원본데이터!$F$13 | F13: =SUM($C$5:C13)/원본데이터!$F$13 | G13: =COUNTIF(원본데이터!$M$5:$M$12,">0") | H13: =INDEX(원본데이터!$B$5:$B$12,MATCH(MAX(원본데이터!$M$5:$M$12),원본데이터!$M$5:$M$12,0)) | I13: =MAX(원본데이터!$M$5:$M$12)
A14: 10 | B14: Diffuser 얼룩 | C14: =원본데이터!J13 | D14: =C14/원본데이터!$D$13 | E14: =C14/원본데이터!$F$13 | F14: =SUM($C$5:C14)/원본데이터!$F$13 | G14: =COUNTIF(원본데이터!$J$5:$J$12,">0") | H14: =INDEX(원본데이터!$B$5:$B$12,MATCH(MAX(원본데이터!$J$5:$J$12),원본데이터!$J$5:$J$12,0)) | I14: =MAX(원본데이터!$J$5:$J$12)
A15: 합계 | C15: =SUM(C5:C14) | D15: =C15/원본데이터!$D$13 | E15: =C15/원본데이터!$F$13

Sheet 유형별추이
A1: 유형별 발생 추이 — 로트 × 불량 유형
A2: 위 표는 수량, 아래 표는 각 로트 입고수량 대비 발생률.
A4: No | B4: 납품일 | C4: 입고수량 | D4: 표면 얼룩 | E4: 흰색 이물 | F4: 스크래치 | G4: 검정색 이물 | H4: 내부 백테 | I4: 페인트 얼룩 | J4: Dig | K4: 파손 | L4: 내부 기포 | M4: Diffuser 얼룩
A5: =원본데이터!A5 | B5: =원본데이터!B5 | C5: =원본데이터!D5 | D5: =원본데이터!O5 | E5: =원본데이터!G5 | F5: =원본데이터!I5 | G5: =원본데이터!H5 | H5: =원본데이터!N5 | I5: =원본데이터!P5 | J5: =원본데이터!K5 | K5: =원본데이터!L5 | L5: =원본데이터!M5 | M5: =원본데이터!J5
A6: =원본데이터!A6 | B6: =원본데이터!B6 | C6: =원본데이터!D6 | D6: =원본데이터!O6 | E6: =원본데이터!G6 | F6: =원본데이터!I6 | G6: =원본데이터!H6 | H6: =원본데이터!N6 | I6: =원본데이터!P6 | J6: =원본데이터!K6 | K6: =원본데이터!L6 | L6: =원본데이터!M6 | M6: =원본데이터!J6
A7: =원본데이터!A7 | B7: =원본데이터!B7 | C7: =원본데이터!D7 | D7: =원본데이터!O7 | E7: =원본데이터!G7 | F7: =원본데이터!I7 | G7: =원본데이터!H7 | H7: =원본데이터!N7 | I7: =원본데이터!P7 | J7: =원본데이터!K7 | K7: =원본데이터!L7 | L7: =원본데이터!M7 | M7: =원본데이터!J7
A8: =원본데이터!A8 | B8: =원본데이터!B8 | C8: =원본데이터!D8 | D8: =원본데이터!O8 | E8: =원본데이터!G8 | F8: =원본데이터!I8 | G8: =원본데이터!H8 | H8: =원본데이터!N8 | I8: =원본데이터!P8 | J8: =원본데이터!K8 | K8: =원본데이터!L8 | L8: =원본데이터!M8 | M8: =원본데이터!J8
A9: =원본데이터!A9 | B9: =원본데이터!B9 | C9: =원본데이터!D9 | D9: =원본데이터!O9 | E9: =원본데이터!G9 | F9: =원본데이터!I9 | G9: =원본데이터!H9 | H9: =원본데이터!N9 | I9: =원본데이터!P9 | J9: =원본데이터!K9 | K9: =원본데이터!L9 | L9: =원본데이터!M9 | M9: =원본데이터!J9
A10: =원본데이터!A10 | B10: =원본데이터!B10 | C10: =원본데이터!D10 | D10: =원본데이터!O10 | E10: =원본데이터!G10 | F10: =원본데이터!I10 | G10: =원본데이터!H10 | H10: =원본데이터!N10 | I10: =원본데이터!P10 | J10: =원본데이터!K10 | K10: =원본데이터!L10 | L10: =원본데이터!M10 | M10: =원본데이터!J10
A11: =원본데이터!A11 | B11: =원본데이터!B11 | C11: =원본데이터!D11 | D11: =원본데이터!O11 | E11: =원본데이터!G11 | F11: =원본데이터!I11 | G11: =원본데이터!H11 | H11: =원본데이터!N11 | I11: =원본데이터!P11 | J11: =원본데이터!K11 | K11: =원본데이터!L11 | L11: =원본데이터!M11 | M11: =원본데이터!J11
A12: =원본데이터!A12 | B12: =원본데이터!B12 | C12: =원본데이터!D12 | D12: =원본데이터!O12 | E12: =원본데이터!G12 | F12: =원본데이터!I12 | G12: =원본데이터!H12 | H12: =원본데이터!N12 | I12: =원본데이터!P12 | J12: =원본데이터!K12 | K12: =원본데이터!L12 | L12: =원본데이터!M12 | M12: =원본데이터!J12
A13: 합계 | C13: =SUM(C5:C12) | D13: =SUM(D5:D12) | E13: =SUM(E5:E12) | F13: =SUM(F5:F12) | G13: =SUM(G5:G12) | H13: =SUM(H5:H12) | I13: =SUM(I5:I12) | J13: =SUM(J5:J12) | ... M13: =SUM(M5:M12)
A15: 입고수량 대비 발생률
A16: No | B16: 납품일 | C16: 불량률 | D16: 표면 얼룩 | E16: 흰색 이물 | F16: 스크래치 | G16: 검정색 이물 | H16: 내부 백테 | I16: 페인트 얼룩 | J16: Dig | K16: 파손 | L16: 내부 기포 | M16: Diffuser 얼룩
A17: =원본데이터!A5 | B17: =원본데이터!B5 | C17: =원본데이터!F5/원본데이터!D5 | D17: =D5/$C5 | E17: =E5/$C5 | F17: =F5/$C5 | G17: =G5/$C5 | H17: =H5/$C5 | I17: =I5/$C5 | J17: =J5/$C5 | K17: =K5/$C5 | ... M17: =M5/$C5
A18: =원본데이터!A6 | B18: =원본데이터!B6 | C18: =원본데이터!F6/원본데이터!D6 | D18: =D6/$C6 | E18: =E6/$C6 | F18: =F6/$C6 | G18: =G6/$C6 | H18: =H6/$C6 | I18: =I6/$C6 | J18: =J6/$C6 | K18: =K6/$C6 | ... M18: =M6/$C6
A19: =원본데이터!A7 | B19: =원본데이터!B7 | C19: =원본데이터!F7/원본데이터!D7 | D19: =D7/$C7 | E19: =E7/$C7 | F19: =F7/$C7 | G19: =G7/$C7 | H19: =H7/$C7 | I19: =I7/$C7 | J19: =J7/$C7 | K19: =K7/$C7 | ... M19: =M7/$C7
A20: =원본데이터!A8 | B20: =원본데이터!B8 | C20: =원본데이터!F8/원본데이터!D8 | D20: =D8/$C8 | E20: =E8/$C8 | F20: =F8/$C8 | G20: =G8/$C8 | H20: =H8/$C8 | I20: =I8/$C8 | J20: =J8/$C8 | K20: =K8/$C8 | ... M20: =M8/$C8
A21: =원본데이터!A9 | B21: =원본데이터!B9 | C21: =원본데이터!F9/원본데이터!D9 | D21: =D9/$C9 | E21: =E9/$C9 | F21: =F9/$C9 | G21: =G9/$C9 | H21: =H9/$C9 | I21: =I9/$C9 | J21: =J9/$C9 | K21: =K9/$C9 | ... M21: =M9/$C9
A22: =원본데이터!A10 | B22: =원본데이터!B10 | C22: =원본데이터!F10/원본데이터!D10 | D22: =D10/$C10 | E22: =E10/$C10 | F22: =F10/$C10 | G22: =G10/$C10 | H22: =H10/$C10 | I22: =I10/$C10 | J22: =J10/$C10 | K22: =K10/$C10 | ... M22: =M10/$C10
A23: =원본데이터!A11 | B23: =원본데이터!B11 | C23: =원본데이터!F11/원본데이터!D11 | D23: =D11/$C11 | E23: =E11/$C11 | F23: =F11/$C11 | G23: =G11/$C11 | H23: =H11/$C11 | I23: =I11/$C11 | J23: =J11/$C11 | K23: =K11/$C11 | ... M23: =M11/$C11
A24: =원본데이터!A12 | B24: =원본데이터!B12 | C24: =원본데이터!F12/원본데이터!D12 | D24: =D12/$C12 | E24: =E12/$C12 | F24: =F12/$C12 | G24: =G12/$C12 | H24: =H12/$C12 | I24: =I12/$C12 | J24: =J12/$C12 | K24: =K12/$C12 | ... M24: =M12/$C12

Sheet 원본데이터
A1: U20 플라스틱 프리즘 — 입고검사 원자료
A2: 출처: U20 Plastic Prism 검사현황 (From ALT 2026) 시트별 「소 계」 행. 회색 배경 = 원자료 입력값, 그 외 = 수식.
A4: No | B4: 납품일 | C4: 연월 | D4: 입고수량 | E4: 양품 | F4: 불량 계 | G4: 흰색 이물 | H4: 검정색 이물 | I4: 스크래치 | J4: Diffuser 얼룩 | K4: Dig | L4: 파손 | M4: 내부 기포 | N4: 내부 백테 | O4: 표면 얼룩 | P4: 페인트 얼룩 | Q4: 원자료 합계 | R4: 검증
A5: 1 | B5: 2024-07-09 | C5: 2024-07 | D5: =E5+F5 | E5: 629 | F5: =SUM(G5:P5) | G5: 231 | H5: 19 | I5: 99 | J5: 3 | K5: 0 | L5: 0 | M5: 0 | N5: 21 | O5: 6 | P5: 0 | Q5: 1008 | R5: =D5-Q5
A6: 2 | B6: 2024-11-14 | C6: 2024-11 | D6: =E6+F6 | E6: 3791 | F6: =SUM(G6:P6) | G6: 1036 | H6: 129 | I6: 49 | J6: 0 | K6: 9 | L6: 0 | M6: 0 | N6: 15 | O6: 11 | P6: 0 | Q6: 5040 | R6: =D6-Q6
A7: 3 | B7: 2024-12-23 | C7: 2024-12 | D7: =E7+F7 | E7: 4920 | F7: =SUM(G7:P7) | G7: 13 | H7: 68 | I7: 19 | J7: 0 | K7: 0 | L7: 0 | M7: 0 | N7: 16 | O7: 4 | P7: 0 | Q7: 5040 | R7: =D7-Q7
A8: 4 | B8: 2025-01-20 | C8: 2025-01 | D8: =E8+F8 | E8: 4961 | F8: =SUM(G8:P8) | G8: 12 | H8: 14 | I8: 7 | J8: 0 | K8: 0 | L8: 3 | M8: 0 | N8: 22 | O8: 21 | P8: 0 | Q8: 5040 | R8: =D8-Q8
A9: 5 | B9: 2025-02-26 | C9: 2025-02 | D9: =E9+F9 | E9: 5011 | F9: =SUM(G9:P9) | G9: 19 | H9: 1 | I9: 2 | J9: 2 | K9: 5 | L9: 0 | M9: 0 | N9: 0 | O9: 0 | P9: 0 | Q9: 5040 | R9: =D9-Q9
A10: 6 | B10: 2025-06-27 | C10: 2025-06 | D10: =E10+F10 | E10: 9922 | F10: =SUM(G10:P10) | G10: 41 | H10: 11 | I10: 50 | J10: 0 | K10: 0 | L10: 0 | M10: 8 | N10: 10 | O10: 38 | P10: 0 | Q10: 10080 | R10: =D10-Q10
A11: 7 | B11: 2026-01-23 (1차) | C11: 2026-01 | D11: =E11+F11 | E11: 14070 | F11: =SUM(G11:P11) | G11: 455 | H11: 150 | I11: 262 | J11: 0 | K11: 0 | L11: 7 | M11: 0 | N11: 11 | O11: 165 | P11: 0 | Q11: 15120 | R11: =D11-Q11
A12: 8 | B12: 2026-01-23 (2차) | C12: 2026-01 | D12: =E12+F12 | E12: 8328 | F12: =SUM(G12:P12) | G12: 512 | H12: 118 | I12: 244 | J12: 0 | K12: 0 | L12: 0 | M12: 0 | N12: 0 | O12: 5843 | P12: 75 | Q12: 15120 | R12: =D12-Q12
A13: 합계 | D13: =SUM(D5:D12) | E13: =SUM(E5:E12) | F13: =SUM(F5:F12) | G13: =SUM(G5:G12) | H13: =SUM(H5:H12) | I13: =SUM(I5:I12) | J13: =SUM(J5:J12) | K13: =SUM(K5:K12) | ... Q13: =SUM(Q5:Q12) | R13: =D13-Q13
A15: 검증 열 = 입고수량(양품+불량계) − 원자료 합계. 전 행 0 이어야 정상이다.
